-- Run after schema.sql. Full reset: run reset_demo.sql first if tables already have old seed data.
-- Year 11 Maths Advanced Term 2 — 8 topics, 13 students (includes Emery Chen — passive-consumption demo).
-- The app loads events per student (see lib/dashboard-data.ts); do not rely on a global "latest N rows" for coaching.

insert into students (id, name, email) values
  ('a1111111-1111-1111-1111-111111111101', 'Mia Chen', 'mia.chen@demo.edu'),
  ('a1111111-1111-1111-1111-111111111102', 'Sam Okonkwo', 'sam.okonkwo@demo.edu'),
  ('a1111111-1111-1111-1111-111111111103', 'Riley Ng', 'riley.ng@demo.edu'),
  ('a1111111-1111-1111-1111-111111111104', 'Zoe Martin', 'zoe.martin@demo.edu'),
  ('a1111111-1111-1111-1111-111111111105', 'Alex Rivera', 'alex.rivera@demo.edu'),
  ('a1111111-1111-1111-1111-111111111106', 'Jamie Olsen', 'jamie.olsen@demo.edu'),
  ('a1111111-1111-1111-1111-111111111107', 'Casey Wu', 'casey.wu@demo.edu'),
  ('a1111111-1111-1111-1111-111111111108', 'Taylor Singh', 'taylor.singh@demo.edu'),
  ('a1111111-1111-1111-1111-111111111109', 'Jordan Blake', 'jordan.blake@demo.edu'),
  ('a1111111-1111-1111-1111-111111111110', 'Morgan Lee', 'morgan.lee@demo.edu'),
  ('a1111111-1111-1111-1111-111111111111', 'Drew Patel', 'drew.patel@demo.edu'),
  ('a1111111-1111-1111-1111-111111111112', 'Blake Foster', 'blake.foster@demo.edu'),
  ('a1111111-1111-1111-1111-111111111113', 'Emery Chen', 'emery.chen@demo.edu');

insert into courses (id, title, slug) values ('b1111111-1111-1111-1111-111111111111', 'Year 11 Maths Advanced — Term 2 Cohort', 'y11-maths-adv-term-2');

insert into modules (id, course_id, title, order_index) values
  ('c1111111-1111-1111-1111-111111111101', 'b1111111-1111-1111-1111-111111111111', 'Trigonometry 1', 1),
  ('c1111111-1111-1111-1111-111111111102', 'b1111111-1111-1111-1111-111111111111', 'Further Trigonometry 2', 2),
  ('c1111111-1111-1111-1111-111111111103', 'b1111111-1111-1111-1111-111111111111', 'Introductory Calculus 1', 3),
  ('c1111111-1111-1111-1111-111111111104', 'b1111111-1111-1111-1111-111111111111', 'Introductory Calculus 2', 4),
  ('c1111111-1111-1111-1111-111111111105', 'b1111111-1111-1111-1111-111111111111', 'Introductory Calculus 3', 5),
  ('c1111111-1111-1111-1111-111111111106', 'b1111111-1111-1111-1111-111111111111', 'Exponential Functions', 6),
  ('c1111111-1111-1111-1111-111111111107', 'b1111111-1111-1111-1111-111111111111', 'Logarithms 1', 7),
  ('c1111111-1111-1111-1111-111111111108', 'b1111111-1111-1111-1111-111111111111', 'Logarithms 2', 8);

insert into lessons (id, module_id, title, is_revision, order_index) values
  ('d1111111-1111-1111-1111-111111111101', 'c1111111-1111-1111-1111-111111111101', 'Further Trigonometry 1 – Review and Introduction to Radians', false, 1),
  ('d1111111-1111-1111-1111-111111111102', 'c1111111-1111-1111-1111-111111111102', 'Further Trigonometry 2 – Arc Lengths, Area of Sectors and Segments', false, 1),
  ('d1111111-1111-1111-1111-111111111103', 'c1111111-1111-1111-1111-111111111103', 'Introductory Calculus 1 – Introduction to Differentiation', false, 1),
  ('d1111111-1111-1111-1111-111111111104', 'c1111111-1111-1111-1111-111111111104', 'Introductory Calculus 2 – Chain Rule, Product Rule, Quotient Rule', false, 1),
  ('d1111111-1111-1111-1111-111111111105', 'c1111111-1111-1111-1111-111111111105', 'Introductory Calculus 3 – Applications, Limits and First Principles', false, 1),
  ('d1111111-1111-1111-1111-111111111106', 'c1111111-1111-1111-1111-111111111106', 'Exponential Functions – Graphing and Derivative of Exponentials', false, 1),
  ('d1111111-1111-1111-1111-111111111107', 'c1111111-1111-1111-1111-111111111107', 'Logarithms 1 – Equations and Graphing', false, 1),
  ('d1111111-1111-1111-1111-111111111108', 'c1111111-1111-1111-1111-111111111108', 'Logarithms 2 – Applications, Growth and Decay', false, 1);

insert into quizzes (id, lesson_id, title) values
  ('e1111111-1111-1111-1111-111111111101', 'd1111111-1111-1111-1111-111111111101', 'Checkpoint'),
  ('e1111111-1111-1111-1111-111111111102', 'd1111111-1111-1111-1111-111111111102', 'Checkpoint'),
  ('e1111111-1111-1111-1111-111111111103', 'd1111111-1111-1111-1111-111111111103', 'Checkpoint'),
  ('e1111111-1111-1111-1111-111111111104', 'd1111111-1111-1111-1111-111111111104', 'Checkpoint'),
  ('e1111111-1111-1111-1111-111111111105', 'd1111111-1111-1111-1111-111111111105', 'Checkpoint'),
  ('e1111111-1111-1111-1111-111111111106', 'd1111111-1111-1111-1111-111111111106', 'Checkpoint'),
  ('e1111111-1111-1111-1111-111111111107', 'd1111111-1111-1111-1111-111111111107', 'Checkpoint'),
  ('e1111111-1111-1111-1111-111111111108', 'd1111111-1111-1111-1111-111111111108', 'Checkpoint');

-- on track
insert into student_progress (student_id, lesson_id, status, last_quiz_score_percent, updated_at) values
    ('a1111111-1111-1111-1111-111111111101', 'd1111111-1111-1111-1111-111111111101', 'completed', 90, now() - interval '1 day'),
    ('a1111111-1111-1111-1111-111111111101', 'd1111111-1111-1111-1111-111111111102', 'completed', 88, now() - interval '1 day'),
    ('a1111111-1111-1111-1111-111111111101', 'd1111111-1111-1111-1111-111111111103', 'completed', 92, now() - interval '1 day');

-- on track
insert into student_progress (student_id, lesson_id, status, last_quiz_score_percent, updated_at) values
    ('a1111111-1111-1111-1111-111111111102', 'd1111111-1111-1111-1111-111111111101', 'completed', 87, now() - interval '1 day'),
    ('a1111111-1111-1111-1111-111111111102', 'd1111111-1111-1111-1111-111111111102', 'completed', 90, now() - interval '1 day'),
    ('a1111111-1111-1111-1111-111111111102', 'd1111111-1111-1111-1111-111111111103', 'completed', 89, now() - interval '1 day');

-- on track
insert into student_progress (student_id, lesson_id, status, last_quiz_score_percent, updated_at) values
    ('a1111111-1111-1111-1111-111111111103', 'd1111111-1111-1111-1111-111111111101', 'completed', 91, now() - interval '1 day'),
    ('a1111111-1111-1111-1111-111111111103', 'd1111111-1111-1111-1111-111111111102', 'completed', 85, now() - interval '1 day'),
    ('a1111111-1111-1111-1111-111111111103', 'd1111111-1111-1111-1111-111111111103', 'completed', 90, now() - interval '1 day');

-- on track
insert into student_progress (student_id, lesson_id, status, last_quiz_score_percent, updated_at) values
    ('a1111111-1111-1111-1111-111111111104', 'd1111111-1111-1111-1111-111111111101', 'completed', 88, now() - interval '1 day'),
    ('a1111111-1111-1111-1111-111111111104', 'd1111111-1111-1111-1111-111111111102', 'completed', 92, now() - interval '1 day'),
    ('a1111111-1111-1111-1111-111111111104', 'd1111111-1111-1111-1111-111111111103', 'completed', 86, now() - interval '1 day');

-- on track
insert into student_progress (student_id, lesson_id, status, last_quiz_score_percent, updated_at) values
    ('a1111111-1111-1111-1111-111111111105', 'd1111111-1111-1111-1111-111111111101', 'completed', 89, now() - interval '1 day'),
    ('a1111111-1111-1111-1111-111111111105', 'd1111111-1111-1111-1111-111111111102', 'completed', 87, now() - interval '1 day'),
    ('a1111111-1111-1111-1111-111111111105', 'd1111111-1111-1111-1111-111111111103', 'completed', 91, now() - interval '1 day');

insert into student_progress (student_id, lesson_id, status, last_quiz_score_percent, updated_at) values
    ('a1111111-1111-1111-1111-111111111106', 'd1111111-1111-1111-1111-111111111101', 'completed', 84, now() - interval '1 day'),
    ('a1111111-1111-1111-1111-111111111106', 'd1111111-1111-1111-1111-111111111102', 'completed', 86, now() - interval '1 day'),
    ('a1111111-1111-1111-1111-111111111106', 'd1111111-1111-1111-1111-111111111103', 'completed', 88, now() - interval '1 day'),
    ('a1111111-1111-1111-1111-111111111106', 'd1111111-1111-1111-1111-111111111104', 'completed', 82, now() - interval '1 day'),
    ('a1111111-1111-1111-1111-111111111106', 'd1111111-1111-1111-1111-111111111105', 'in_progress', null, now() - interval '1 day');

insert into student_progress (student_id, lesson_id, status, last_quiz_score_percent, updated_at) values
    ('a1111111-1111-1111-1111-111111111107', 'd1111111-1111-1111-1111-111111111101', 'completed', 85, now() - interval '1 day'),
    ('a1111111-1111-1111-1111-111111111107', 'd1111111-1111-1111-1111-111111111102', 'completed', 80, now() - interval '1 day'),
    ('a1111111-1111-1111-1111-111111111107', 'd1111111-1111-1111-1111-111111111103', 'completed', 90, now() - interval '1 day'),
    ('a1111111-1111-1111-1111-111111111107', 'd1111111-1111-1111-1111-111111111104', 'completed', 88, now() - interval '1 day'),
    ('a1111111-1111-1111-1111-111111111107', 'd1111111-1111-1111-1111-111111111105', 'completed', 86, now() - interval '1 day'),
    ('a1111111-1111-1111-1111-111111111107', 'd1111111-1111-1111-1111-111111111106', 'in_progress', null, now() - interval '1 day');

insert into student_progress (student_id, lesson_id, status, last_quiz_score_percent, updated_at) values
    ('a1111111-1111-1111-1111-111111111108', 'd1111111-1111-1111-1111-111111111101', 'completed', 82, now() - interval '1 day'),
    ('a1111111-1111-1111-1111-111111111108', 'd1111111-1111-1111-1111-111111111102', 'completed', 65, now() - interval '1 day'),
    ('a1111111-1111-1111-1111-111111111108', 'd1111111-1111-1111-1111-111111111103', 'completed', 88, now() - interval '1 day');

insert into student_progress (student_id, lesson_id, status, last_quiz_score_percent, updated_at) values
    ('a1111111-1111-1111-1111-111111111109', 'd1111111-1111-1111-1111-111111111101', 'completed', 90, now() - interval '1 day'),
    ('a1111111-1111-1111-1111-111111111109', 'd1111111-1111-1111-1111-111111111102', 'completed', 85, now() - interval '1 day'),
    ('a1111111-1111-1111-1111-111111111109', 'd1111111-1111-1111-1111-111111111103', 'completed', 68, now() - interval '1 day');

insert into student_progress (student_id, lesson_id, status, last_quiz_score_percent, updated_at) values
    ('a1111111-1111-1111-1111-111111111110', 'd1111111-1111-1111-1111-111111111101', 'completed', 78, now() - interval '10 days'),
    ('a1111111-1111-1111-1111-111111111110', 'd1111111-1111-1111-1111-111111111102', 'completed', 80, now() - interval '10 days'),
    ('a1111111-1111-1111-1111-111111111110', 'd1111111-1111-1111-1111-111111111103', 'in_progress', null, now() - interval '10 days');

insert into student_progress (student_id, lesson_id, status, last_quiz_score_percent, updated_at) values
    ('a1111111-1111-1111-1111-111111111111', 'd1111111-1111-1111-1111-111111111101', 'completed', 75, now() - interval '10 days'),
    ('a1111111-1111-1111-1111-111111111111', 'd1111111-1111-1111-1111-111111111102', 'completed', 72, now() - interval '10 days');

insert into student_progress (student_id, lesson_id, status, last_quiz_score_percent, updated_at) values
    ('a1111111-1111-1111-1111-111111111112', 'd1111111-1111-1111-1111-111111111101', 'completed', 88, now() - interval '1 day'),
    ('a1111111-1111-1111-1111-111111111112', 'd1111111-1111-1111-1111-111111111102', 'completed', 82, now() - interval '1 day'),
    ('a1111111-1111-1111-1111-111111111112', 'd1111111-1111-1111-1111-111111111103', 'completed', 80, now() - interval '1 day'),
    ('a1111111-1111-1111-1111-111111111112', 'd1111111-1111-1111-1111-111111111104', 'completed', 45, now() - interval '1 day');

-- Emery Chen — passive consumption demo (80%+ video, no checkpoint attempt yet)
insert into student_progress (student_id, lesson_id, status, last_quiz_score_percent, updated_at) values
    ('a1111111-1111-1111-1111-111111111113', 'd1111111-1111-1111-1111-111111111101', 'completed', 88, now() - interval '1 day'),
    ('a1111111-1111-1111-1111-111111111113', 'd1111111-1111-1111-1111-111111111102', 'completed', 88, now() - interval '1 day'),
    ('a1111111-1111-1111-1111-111111111113', 'd1111111-1111-1111-1111-111111111103', 'completed', 88, now() - interval '1 day'),
    ('a1111111-1111-1111-1111-111111111113', 'd1111111-1111-1111-1111-111111111104', 'in_progress', null, now());

insert into events (event_type, student_id, course_id, module_id, lesson_id, metadata, created_at) values
  ('lesson_completed', 'a1111111-1111-1111-1111-111111111101', 'b1111111-1111-1111-1111-111111111111', 'c1111111-1111-1111-1111-111111111101', 'd1111111-1111-1111-1111-111111111101', '{}', now() - interval '1 day'),
  ('lesson_completed', 'a1111111-1111-1111-1111-111111111101', 'b1111111-1111-1111-1111-111111111111', 'c1111111-1111-1111-1111-111111111102', 'd1111111-1111-1111-1111-111111111102', '{}', now() - interval '1 day'),
  ('lesson_completed', 'a1111111-1111-1111-1111-111111111101', 'b1111111-1111-1111-1111-111111111111', 'c1111111-1111-1111-1111-111111111103', 'd1111111-1111-1111-1111-111111111103', '{}', now() - interval '1 day'),
  ('coach_opened', 'a1111111-1111-1111-1111-111111111101', 'b1111111-1111-1111-1111-111111111111', null, null, '{}', now() - interval '1 day'),
  ('lesson_completed', 'a1111111-1111-1111-1111-111111111102', 'b1111111-1111-1111-1111-111111111111', 'c1111111-1111-1111-1111-111111111101', 'd1111111-1111-1111-1111-111111111101', '{}', now() - interval '1 day'),
  ('lesson_completed', 'a1111111-1111-1111-1111-111111111102', 'b1111111-1111-1111-1111-111111111111', 'c1111111-1111-1111-1111-111111111102', 'd1111111-1111-1111-1111-111111111102', '{}', now() - interval '1 day'),
  ('lesson_completed', 'a1111111-1111-1111-1111-111111111102', 'b1111111-1111-1111-1111-111111111111', 'c1111111-1111-1111-1111-111111111103', 'd1111111-1111-1111-1111-111111111103', '{}', now() - interval '1 day'),
  ('coach_opened', 'a1111111-1111-1111-1111-111111111102', 'b1111111-1111-1111-1111-111111111111', null, null, '{}', now() - interval '1 day'),
  ('lesson_completed', 'a1111111-1111-1111-1111-111111111103', 'b1111111-1111-1111-1111-111111111111', 'c1111111-1111-1111-1111-111111111101', 'd1111111-1111-1111-1111-111111111101', '{}', now() - interval '1 day'),
  ('lesson_completed', 'a1111111-1111-1111-1111-111111111103', 'b1111111-1111-1111-1111-111111111111', 'c1111111-1111-1111-1111-111111111102', 'd1111111-1111-1111-1111-111111111102', '{}', now() - interval '1 day'),
  ('lesson_completed', 'a1111111-1111-1111-1111-111111111103', 'b1111111-1111-1111-1111-111111111111', 'c1111111-1111-1111-1111-111111111103', 'd1111111-1111-1111-1111-111111111103', '{}', now() - interval '1 day'),
  ('coach_opened', 'a1111111-1111-1111-1111-111111111103', 'b1111111-1111-1111-1111-111111111111', null, null, '{}', now() - interval '1 day'),
  ('lesson_completed', 'a1111111-1111-1111-1111-111111111104', 'b1111111-1111-1111-1111-111111111111', 'c1111111-1111-1111-1111-111111111101', 'd1111111-1111-1111-1111-111111111101', '{}', now() - interval '1 day'),
  ('lesson_completed', 'a1111111-1111-1111-1111-111111111104', 'b1111111-1111-1111-1111-111111111111', 'c1111111-1111-1111-1111-111111111102', 'd1111111-1111-1111-1111-111111111102', '{}', now() - interval '1 day'),
  ('lesson_completed', 'a1111111-1111-1111-1111-111111111104', 'b1111111-1111-1111-1111-111111111111', 'c1111111-1111-1111-1111-111111111103', 'd1111111-1111-1111-1111-111111111103', '{}', now() - interval '1 day'),
  ('coach_opened', 'a1111111-1111-1111-1111-111111111104', 'b1111111-1111-1111-1111-111111111111', null, null, '{}', now() - interval '1 day'),
  ('lesson_completed', 'a1111111-1111-1111-1111-111111111105', 'b1111111-1111-1111-1111-111111111111', 'c1111111-1111-1111-1111-111111111101', 'd1111111-1111-1111-1111-111111111101', '{}', now() - interval '1 day'),
  ('lesson_completed', 'a1111111-1111-1111-1111-111111111105', 'b1111111-1111-1111-1111-111111111111', 'c1111111-1111-1111-1111-111111111102', 'd1111111-1111-1111-1111-111111111102', '{}', now() - interval '1 day'),
  ('lesson_completed', 'a1111111-1111-1111-1111-111111111105', 'b1111111-1111-1111-1111-111111111111', 'c1111111-1111-1111-1111-111111111103', 'd1111111-1111-1111-1111-111111111103', '{}', now() - interval '1 day'),
  ('coach_opened', 'a1111111-1111-1111-1111-111111111105', 'b1111111-1111-1111-1111-111111111111', null, null, '{}', now() - interval '1 day'),
  ('lesson_opened', 'a1111111-1111-1111-1111-111111111106', 'b1111111-1111-1111-1111-111111111111', 'c1111111-1111-1111-1111-111111111105', 'd1111111-1111-1111-1111-111111111105', '{}', now() - interval '1 day'),
  ('lesson_opened', 'a1111111-1111-1111-1111-111111111107', 'b1111111-1111-1111-1111-111111111111', 'c1111111-1111-1111-1111-111111111106', 'd1111111-1111-1111-1111-111111111106', '{}', now() - interval '1 day'),
  ('quiz_submitted', 'a1111111-1111-1111-1111-111111111108', 'b1111111-1111-1111-1111-111111111111', 'c1111111-1111-1111-1111-111111111102', 'd1111111-1111-1111-1111-111111111102', '{}', now() - interval '1 day'),
  ('quiz_submitted', 'a1111111-1111-1111-1111-111111111109', 'b1111111-1111-1111-1111-111111111111', 'c1111111-1111-1111-1111-111111111103', 'd1111111-1111-1111-1111-111111111103', '{}', now() - interval '1 day'),
  ('lesson_opened', 'a1111111-1111-1111-1111-111111111110', 'b1111111-1111-1111-1111-111111111111', 'c1111111-1111-1111-1111-111111111103', 'd1111111-1111-1111-1111-111111111103', '{}', now() - interval '10 days'),
  ('lesson_completed', 'a1111111-1111-1111-1111-111111111111', 'b1111111-1111-1111-1111-111111111111', 'c1111111-1111-1111-1111-111111111102', 'd1111111-1111-1111-1111-111111111102', '{}', now() - interval '10 days'),
  ('quiz_submitted', 'a1111111-1111-1111-1111-111111111112', 'b1111111-1111-1111-1111-111111111111', 'c1111111-1111-1111-1111-111111111104', 'd1111111-1111-1111-1111-111111111104', '{}', now() - interval '1 day');

insert into events (event_type, student_id, course_id, module_id, lesson_id, metadata, created_at) values
  ('lesson_opened', 'a1111111-1111-1111-1111-111111111113', 'b1111111-1111-1111-1111-111111111111', 'c1111111-1111-1111-1111-111111111104', 'd1111111-1111-1111-1111-111111111104', '{}', now() - interval '2 hours'),
  ('video_watched_80_percent', 'a1111111-1111-1111-1111-111111111113', 'b1111111-1111-1111-1111-111111111111', 'c1111111-1111-1111-1111-111111111104', 'd1111111-1111-1111-1111-111111111104', '{"is_final": true, "recommended_rewatch": "2:14", "video_count": 1}'::jsonb, now() - interval '2 hours'),
  ('coach_opened', 'a1111111-1111-1111-1111-111111111113', 'b1111111-1111-1111-1111-111111111111', null, null, '{}', now());
