  -- Run after schema.sql. Full reset: run reset_demo.sql first if tables already have old seed data.
  -- Demo: Year 10 Maths Term 1 — Algebra, Trigonometry, Geometry. Students Aspen (strong), Emery (struggling), Jordan (inactive).

  insert into students (id, name, email) values
    ('a1111111-1111-1111-1111-111111111101', 'Aspen Cruz', 'aspen.cruz@demo.edu'),
    ('a1111111-1111-1111-1111-111111111102', 'Emery Walsh', 'emery.walsh@demo.edu'),
    ('a1111111-1111-1111-1111-111111111103', 'Jordan Park', 'jordan.park@demo.edu');

  insert into courses (id, title, slug) values
    ('b1111111-1111-1111-1111-111111111111', 'Year 10 Maths Term 1', 'y10-maths-term-1');

  -- Topics = modules (demo-friendly)
  insert into modules (id, course_id, title, order_index) values
    ('c1111111-1111-1111-1111-111111111101', 'b1111111-1111-1111-1111-111111111111', 'Algebra', 1),
    ('c1111111-1111-1111-1111-111111111102', 'b1111111-1111-1111-1111-111111111111', 'Trigonometry', 2),
    ('c1111111-1111-1111-1111-111111111103', 'b1111111-1111-1111-1111-111111111111', 'Geometry', 3);

  insert into lessons (id, module_id, title, is_revision, order_index) values
    ('d1111111-1111-1111-1111-111111111101', 'c1111111-1111-1111-1111-111111111101', 'Linear equations', false, 1),
    ('d1111111-1111-1111-1111-111111111102', 'c1111111-1111-1111-1111-111111111101', 'Algebra revision booster', true, 2),
    ('d1111111-1111-1111-1111-111111111201', 'c1111111-1111-1111-1111-111111111102', 'Intro to sin and cos', false, 1),
    ('d1111111-1111-1111-1111-111111111202', 'c1111111-1111-1111-1111-111111111102', 'Trigonometry revision lab', true, 2),
    ('d1111111-1111-1111-1111-111111111301', 'c1111111-1111-1111-1111-111111111103', 'Angles in parallel lines', false, 1),
    ('d1111111-1111-1111-1111-111111111302', 'c1111111-1111-1111-1111-111111111103', 'Practice set', false, 2);

  insert into quizzes (id, lesson_id, title) values
    ('e1111111-1111-1111-1111-111111111101', 'd1111111-1111-1111-1111-111111111101', 'Algebra checkpoint'),
    ('e1111111-1111-1111-1111-111111111102', 'd1111111-1111-1111-1111-111111111201', 'Trigonometry checkpoint'),
    ('e1111111-1111-1111-1111-111111111103', 'd1111111-1111-1111-1111-111111111301', 'Geometry checkpoint');

  -- Aspen: strong, recent, no orphan lesson_opened
  insert into student_progress (student_id, lesson_id, status, last_quiz_score_percent, updated_at) values
    ('a1111111-1111-1111-1111-111111111101', 'd1111111-1111-1111-1111-111111111101', 'completed', 92, now() - interval '1 day'),
    ('a1111111-1111-1111-1111-111111111101', 'd1111111-1111-1111-1111-111111111201', 'completed', 88, now() - interval '1 day'),
    ('a1111111-1111-1111-1111-111111111101', 'd1111111-1111-1111-1111-111111111301', 'completed', 91, now() - interval '1 day');

  -- Emery: weak Trigonometry, opened revision not completed, recent
  insert into student_progress (student_id, lesson_id, status, last_quiz_score_percent, updated_at) values
    ('a1111111-1111-1111-1111-111111111102', 'd1111111-1111-1111-1111-111111111101', 'completed', 78, now() - interval '2 days'),
    ('a1111111-1111-1111-1111-111111111102', 'd1111111-1111-1111-1111-111111111201', 'completed', 55, now() - interval '2 days'),
    ('a1111111-1111-1111-1111-111111111102', 'd1111111-1111-1111-1111-111111111202', 'in_progress', null, now() - interval '1 day');

  -- Jordan: inactive 12+ days, Geometry lesson opened not done
  insert into student_progress (student_id, lesson_id, status, last_quiz_score_percent, updated_at) values
    ('a1111111-1111-1111-1111-111111111103', 'd1111111-1111-1111-1111-111111111101', 'completed', 80, now() - interval '14 days'),
    ('a1111111-1111-1111-1111-111111111103', 'd1111111-1111-1111-1111-111111111301', 'in_progress', null, now() - interval '12 days');

  -- Aspen — recent positive trail (no incomplete opens)
  insert into events (event_type, student_id, course_id, module_id, lesson_id, metadata, created_at) values
    ('lesson_opened', 'a1111111-1111-1111-1111-111111111101', 'b1111111-1111-1111-1111-111111111111', 'c1111111-1111-1111-1111-111111111101', 'd1111111-1111-1111-1111-111111111101', '{}', now() - interval '2 days'),
    ('video_started', 'a1111111-1111-1111-1111-111111111101', 'b1111111-1111-1111-1111-111111111111', 'c1111111-1111-1111-1111-111111111101', 'd1111111-1111-1111-1111-111111111101', '{}', now() - interval '2 days'),
    ('video_watched_80_percent', 'a1111111-1111-1111-1111-111111111101', 'b1111111-1111-1111-1111-111111111111', 'c1111111-1111-1111-1111-111111111101', 'd1111111-1111-1111-1111-111111111101', '{"pct":85}', now() - interval '2 days'),
    ('quiz_started', 'a1111111-1111-1111-1111-111111111101', 'b1111111-1111-1111-1111-111111111111', 'c1111111-1111-1111-1111-111111111101', 'd1111111-1111-1111-1111-111111111101', '{}', now() - interval '2 days'),
    ('quiz_submitted', 'a1111111-1111-1111-1111-111111111101', 'b1111111-1111-1111-1111-111111111111', 'c1111111-1111-1111-1111-111111111101', 'd1111111-1111-1111-1111-111111111101', '{}', now() - interval '2 days'),
    ('score_received', 'a1111111-1111-1111-1111-111111111101', 'b1111111-1111-1111-1111-111111111111', 'c1111111-1111-1111-1111-111111111101', 'd1111111-1111-1111-1111-111111111101', '{"score_percent":92}', now() - interval '2 days'),
    ('lesson_completed', 'a1111111-1111-1111-1111-111111111101', 'b1111111-1111-1111-1111-111111111111', 'c1111111-1111-1111-1111-111111111101', 'd1111111-1111-1111-1111-111111111101', '{}', now() - interval '2 days'),
    ('lesson_opened', 'a1111111-1111-1111-1111-111111111101', 'b1111111-1111-1111-1111-111111111111', 'c1111111-1111-1111-1111-111111111102', 'd1111111-1111-1111-1111-111111111201', '{}', now() - interval '1 day'),
    ('video_watched_80_percent', 'a1111111-1111-1111-1111-111111111101', 'b1111111-1111-1111-1111-111111111111', 'c1111111-1111-1111-1111-111111111102', 'd1111111-1111-1111-1111-111111111201', '{}', now() - interval '1 day'),
    ('quiz_submitted', 'a1111111-1111-1111-1111-111111111101', 'b1111111-1111-1111-1111-111111111111', 'c1111111-1111-1111-1111-111111111102', 'd1111111-1111-1111-1111-111111111201', '{}', now() - interval '1 day'),
    ('score_received', 'a1111111-1111-1111-1111-111111111101', 'b1111111-1111-1111-1111-111111111111', 'c1111111-1111-1111-1111-111111111102', 'd1111111-1111-1111-1111-111111111201', '{"score_percent":88}', now() - interval '1 day'),
    ('lesson_completed', 'a1111111-1111-1111-1111-111111111101', 'b1111111-1111-1111-1111-111111111111', 'c1111111-1111-1111-1111-111111111102', 'd1111111-1111-1111-1111-111111111201', '{}', now() - interval '1 day'),
    ('lesson_opened', 'a1111111-1111-1111-1111-111111111101', 'b1111111-1111-1111-1111-111111111111', 'c1111111-1111-1111-1111-111111111103', 'd1111111-1111-1111-1111-111111111301', '{}', now() - interval '1 day'),
    ('quiz_submitted', 'a1111111-1111-1111-1111-111111111101', 'b1111111-1111-1111-1111-111111111111', 'c1111111-1111-1111-1111-111111111103', 'd1111111-1111-1111-1111-111111111301', '{}', now() - interval '1 day'),
    ('score_received', 'a1111111-1111-1111-1111-111111111101', 'b1111111-1111-1111-1111-111111111111', 'c1111111-1111-1111-1111-111111111103', 'd1111111-1111-1111-1111-111111111301', '{"score_percent":91}', now() - interval '1 day'),
    ('lesson_completed', 'a1111111-1111-1111-1111-111111111101', 'b1111111-1111-1111-1111-111111111111', 'c1111111-1111-1111-1111-111111111103', 'd1111111-1111-1111-1111-111111111301', '{}', now() - interval '1 day'),
    ('coach_opened', 'a1111111-1111-1111-1111-111111111101', null, null, null, '{}', now() - interval '12 hours');

  -- Emery — Trigonometry struggle + revision opened, not completed
  insert into events (event_type, student_id, course_id, module_id, lesson_id, metadata, created_at) values
    ('lesson_completed', 'a1111111-1111-1111-1111-111111111102', 'b1111111-1111-1111-1111-111111111111', 'c1111111-1111-1111-1111-111111111101', 'd1111111-1111-1111-1111-111111111101', '{}', now() - interval '3 days'),
    ('score_received', 'a1111111-1111-1111-1111-111111111102', 'b1111111-1111-1111-1111-111111111111', 'c1111111-1111-1111-1111-111111111101', 'd1111111-1111-1111-1111-111111111101', '{"score_percent":78}', now() - interval '3 days'),
    ('lesson_opened', 'a1111111-1111-1111-1111-111111111102', 'b1111111-1111-1111-1111-111111111111', 'c1111111-1111-1111-1111-111111111102', 'd1111111-1111-1111-1111-111111111201', '{}', now() - interval '2 days'),
    ('quiz_started', 'a1111111-1111-1111-1111-111111111102', 'b1111111-1111-1111-1111-111111111111', 'c1111111-1111-1111-1111-111111111102', 'd1111111-1111-1111-1111-111111111201', '{}', now() - interval '2 days'),
    ('quiz_submitted', 'a1111111-1111-1111-1111-111111111102', 'b1111111-1111-1111-1111-111111111111', 'c1111111-1111-1111-1111-111111111102', 'd1111111-1111-1111-1111-111111111201', '{}', now() - interval '2 days'),
    ('score_received', 'a1111111-1111-1111-1111-111111111102', 'b1111111-1111-1111-1111-111111111111', 'c1111111-1111-1111-1111-111111111102', 'd1111111-1111-1111-1111-111111111201', '{"score_percent":55}', now() - interval '2 days'),
    ('lesson_opened', 'a1111111-1111-1111-1111-111111111102', 'b1111111-1111-1111-1111-111111111111', 'c1111111-1111-1111-1111-111111111102', 'd1111111-1111-1111-1111-111111111202', '{}', now() - interval '1 day'),
    ('video_started', 'a1111111-1111-1111-1111-111111111102', 'b1111111-1111-1111-1111-111111111111', 'c1111111-1111-1111-1111-111111111102', 'd1111111-1111-1111-1111-111111111202', '{}', now() - interval '1 day'),
    ('video_watched_80_percent', 'a1111111-1111-1111-1111-111111111102', 'b1111111-1111-1111-1111-111111111111', 'c1111111-1111-1111-1111-111111111102', 'd1111111-1111-1111-1111-111111111202', '{}', now() - interval '1 day');

  -- Jordan — stale, Geometry opened not completed
  insert into events (event_type, student_id, course_id, module_id, lesson_id, metadata, created_at) values
    ('lesson_completed', 'a1111111-1111-1111-1111-111111111103', 'b1111111-1111-1111-1111-111111111111', 'c1111111-1111-1111-1111-111111111101', 'd1111111-1111-1111-1111-111111111101', '{}', now() - interval '14 days'),
    ('score_received', 'a1111111-1111-1111-1111-111111111103', 'b1111111-1111-1111-1111-111111111111', 'c1111111-1111-1111-1111-111111111101', 'd1111111-1111-1111-1111-111111111101', '{"score_percent":80}', now() - interval '14 days'),
    ('lesson_opened', 'a1111111-1111-1111-1111-111111111103', 'b1111111-1111-1111-1111-111111111111', 'c1111111-1111-1111-1111-111111111103', 'd1111111-1111-1111-1111-111111111301', '{}', now() - interval '12 days'),
    ('video_started', 'a1111111-1111-1111-1111-111111111103', 'b1111111-1111-1111-1111-111111111111', 'c1111111-1111-1111-1111-111111111103', 'd1111111-1111-1111-1111-111111111301', '{}', now() - interval '12 days');
